{"parcels":[{"name":"Airwick Aroma Oil","image":"http:\/\/n2.sdlcdn.com\/imgs\/a\/r\/o\/Airwick-Aroma-Oil-Refill-Pack-SDL286969364-12-2ac2e.jpg","date":"1440937805","type":"household","weight":"0.6kg","phone":"7703079446","price":"274","quantity":"2","color":"#FF4747","link":"https:\/\/www.google.co.in\/search?q=Airwick+Aroma+Oil&oq=Airwick+Aroma+Oil","live_location":{"latitude":12.935443,"longitude":77.612638}},{"name":"Canon EOS 6D","image":"http:\/\/n3.sdlcdn.com\/imgs\/a\/i\/q\/Canon-EOS-6D-DSLR-24-1767357-1-1b0fd.jpg","date":"1441252983","type":"Camera","weight":"0.77kg","phone":"9822873096","price":"142034","quantity":"1","color":"#7A7171","link":"https:\/\/www.google.co.in\/search?q=Canon+EOS+6D&oq=Canon+EOS+6D","live_location":{"latitude":18.527767,"longitude":73.850749}},{"name":"Vegetable Chopper","image":"http:\/\/n3.sdlcdn.com\/imgs\/a\/3\/l\/Noorstore-Green-Vegetable-Chopper-SDL823034672-1-f0e72.jpg","date":"1441414923","type":"household","weight":"0.3kg","phone":"7267220108","price":"601","quantity":"1","color":"#B0F542","link":"https:\/\/www.google.co.in\/search?q=Green+Vegetable+Chopper&oq=Green+Vegetable+Chopper","live_location":{"latitude":19.079716,"longitude":72.873482}},{"name":"Calvin Klein One","image":"http:\/\/n1.sdlcdn.com\/imgs\/a\/i\/g\/Calvin-Klein-One-Shock-200-SDL115301666-1-f1f27.jpg","date":"1440922026","type":"Fragrances","weight":"0.6kg","phone":"7503505711","price":"5874","quantity":"3","color":"#FC9FEB","link":"https:\/\/www.google.co.in\/search?q=Calvin+Klein+One+Shock&oq=Calvin+Klein+One+Shock","live_location":{"latitude":28.621839,"longitude":77.201121}},{"name":"Note 4 32GB","image":"http:\/\/n1.sdlcdn.com\/imgs\/a\/o\/3\/Samsung-Note-4-White--SDL740147488-1-1b4b0.jpg","date":"1441854245","type":"Electronics","weight":"0.4kg","phone":"8422008567","price":"40999","quantity":"1","color":"#FFFFFF","link":"https:\/\/www.google.co.in\/search?q=note+4&oq=note+4#safe=active&q=note+4+white","live_location":{"latitude":13.088266,"longitude":80.263423}},{"name":"Mac Mini MGEQ2HN\/A","image":"http:\/\/n4.sdlcdn.com\/imgs\/a\/o\/0\/Apple-MGEQ2HN-A-Mac-Mini-SDL876750836-2-72cf1.jpg","date":"1441966830","type":"Electronics","weight":"1.3kg","phone":"9459829055","price":"68,352","quantity":"1","color":"#B3B3B3","link":"https:\/\/www.google.co.in\/search?q=mac+mini+MGEQ2HN%2FA&oq=mac+mini+MGEQ2HN%2FA","live_location":{"latitude":22.574591,"longitude":88.360726}},{"name":"Pebble Steel Smart Watch","image":"http:\/\/n3.sdlcdn.com\/imgs\/a\/1\/1\/Pebble-Steel-Smart-Watch-SDL174768273-1-0b969.jpg","date":"1440922811","type":"Electronics","weight":"0.1kg","phone":"8735924045","price":"10000","quantity":"1","color":"#E3CB9F","link":"https:\/\/www.google.co.in\/search?q=pebble+time&oq=pebble+time","live_location":{"latitude":24.818836,"longitude":93.934616}},{"name":"TRESemme Shampoo","image":"http:\/\/n4.sdlcdn.com\/imgs\/a\/l\/j\/Tresemme-Keratin-Smooth-Shampoo-600-SDL506080572-1-be887.jpg","date":"1441069261","type":"household","weight":"1.28kg","phone":"8996612119","price":"800","quantity":"2","color":"#E36F6F","link":"https:\/\/www.google.co.in\/search?q=TRESemme+Keratin+Smooth&oq=TRESemme+Keratin+Smooth","live_location":{"latitude":34.160386,"longitude":77.569253}},{"name":"Raspberry Pi 2","image":"http:\/\/n2.sdlcdn.com\/imgs\/a\/l\/7\/Raspberry-Pi-Model-B-Plus-SDL455674881-1-03d82.jpg","date":"1441879810","type":"Electronics","weight":"0.4kg","phone":"9233591676","price":"10400","quantity":"4","color":"#2F8035","link":"https:\/\/www.google.co.in\/search?q=raspberry+pi+1gb+quad+core&oq=raspberry+pi+1gb+quad+core","live_location":{"latitude":32.226442,"longitude":76.316004}},{"name":"Dell U2414H 24\"","image":"http:\/\/n4.sdlcdn.com\/imgs\/a\/j\/e\/Dell-UltraSharp-U2414H-24-Inches-SDL219157743-1-38eef.JPG","date":"1441879810","type":"Electronics","weight":"3.61kg","phone":"7149492795","price":"18950","quantity":"1","color":"#EBF0EB","link":"https:\/\/www.google.co.in\/search?q=U2414H&oq=U2414H","live_location":{"latitude":15.332374,"longitude":73.900085}},{"name":"JBL Flip 2","image":"http:\/\/n4.sdlcdn.com\/imgs\/a\/i\/t\/JBL-Flip-2-Wireless-Portable-SDL028764616-1-a7991.jpg","date":"1441879810","type":"Electronics","weight":"0.3kg","phone":"8250701673","price":"5400","quantity":"1","color":"#3A63E8","link":"https:\/\/www.google.co.in\/search?q=jbl+flip+ii+blue&oq=jbl+flip+ii+blue","live_location":{"latitude":11.915753,"longitude":79.804165}}]}